{"26 78": {"4": 3, "5": 4, "7": 4}, "23.838804 78.737808": {"7": 3}}
